﻿<?xml version="1.0" encoding="UTF-8"?>
<!DOCTYPE properties SYSTEM "http://java.sun.com/dtd/properties.dtd">
<properties>
  <comment>GPO - Configuracion de Mosa Mosaic Integration</comment>
  <entry key="serviceEndPoint">http://10.2.21.37:8080/mosa-service</entry>
  <entry key="modetest">false</entry>
  <entry key="debug">true</entry>
  <entry key="timezone">SA Western Standard Time</entry>
  <entry key="timeoutGET">10000</entry>
  <entry key="timeoutPOST">10000</entry>
  <entry key="timeoutPATCH">10000</entry>
  <entry key="timeoutPUT">10000</entry>
  <entry key="timeoutDELETE">10000</entry>
  <entry key="codtranLogin">LOGIN</entry>
  <entry key="codtranLogout">LOGOUT</entry>
  <entry key="codTranCallNext">CALLNEXT</entry>
  <entry key="pathFailed">c:/bm_home/mosa</entry>
  <entry key="tcolaoficdefault">1</entry>
  <entry key="camposHeader">
      <campo key="oficina" type="number">4</campo>
      <campo key="nomredofic" type="string">8</campo>
      <campo key="tipoOficina" type="number">1</campo>
      <campo key="fecha" type="date">8</campo>
      <campo key="tipoEstacion" type="number">1</campo>
      <campo key="nroTerminal" type="number">4</campo>
      <campo key="carnetUsuario" type="string">8</campo>
      <campo key="tipoCola" type="number">2</campo>
      <campo key="nroFicha" type="number">4</campo>
      <campo key="nacionalidadCl" type="string">1</campo>
      <campo key="nroCIcl" type="number">10</campo>
      <campo key="hhiOperacion" type="date">6</campo>
      <campo key="hhfOperacion" type="date">6</campo>
      <campo key="tipoCierre" type="string">1</campo>    
  </entry>
  <entry key="camposBody">
    <campo key="codTrasaccion" type="string">7</campo>
    <campo key="montoTrasaccion" type="float">15</campo>
    <campo key="hhfTrasaccion" type="date">6</campo>   
  </entry>


</properties>